Home,TotJ
530019502002123,2
530039602002009,1
530050101001005,1
530050106003010,1
530050108032009,1
530050108033004,1
530050108092014,1
530050108112026,2
530050108142044,1
530050111005012,2
530050111006008,1
530050115034019,2
530079601002108,2
530079602001437,2
530079602002042,1
530079605005066,1
530079606002032,1
530079607001058,1
530079610007020,1
530079610007023,1
530079611004000,1
530079611004024,1
530079612001008,1
530079612001041,1
530090004002009,1
530090008002027,1
530090009002013,1
530090013003004,1
530090014001000,1
530090016002000,1
530090016002015,1
530090020001059,1
530090021002054,1
530110401012010,1
530110401013024,2
530110401022035,2
530110402011021,1
530110403022051,1
530110404091005,2
530110404131008,1
530110404163006,1
530110407061012,1
530110407091008,1
530110407112020,1
530110408094007,1
530110409043008,1
530110409052019,1
530110409081017,1
530110410091002,2
530110411051025,1
530110411081008,1
530110411082001,1
530110411082017,2
530110411103022,1
530110411121000,1
530110411121001,1
530110411122012,1
530110413171007,2
530110413173000,1
530110413332018,1
530110414002001,2
530110425002061,1
530139602001150,1
530150004003010,1
530150005022003,1
530150005022007,1
530150020013022,2
530179507003005,1
530179507003009,2
530179508003034,1
530210201001042,1
530250104003043,2
530250108002021,1
530250114024041,1
530270004005293,1
530270007003135,1
530270010003029,1
530270011004000,1
530270011004005,1
530270011005014,2
530270012004044,1
530299703002026,1
530299704002012,2
530299704003028,1
530299705001025,1
530299706013001,2
530299708002000,1
530299708002024,1
530299709003013,2
530299713001005,2
530299714001008,1
530299714003001,1
530299714003006,1
530299715001028,1
530299715002048,1
530299716001007,1
530299716001012,1
530299717003008,1
530299717003016,2
530299718002026,2
530299719001035,1
530299719002032,2
530299720002023,1
530299720003005,1
530299721001018,1
530299721002000,1
530299721003000,2
530299721003022,1
530299922010079,2
530319503003027,2
530319503004012,1
530319503005004,2
530319506012029,2
530319506016041,1
530330001001015,4
530330001001020,1
530330001001027,3
530330001002001,2
530330001002007,1
530330001002010,1
530330001004001,3
530330001004002,4
530330001004003,1
530330001005004,2
530330001005005,1
530330002001007,1
530330002001009,1
530330002002000,1
530330002002002,1
530330002002009,2
530330002003000,3
530330002003001,1
530330002003006,1
530330002004002,1
530330002004012,1
530330002004013,1
530330002005000,2
530330002005002,1
530330002005004,1
530330002006004,1
530330002006012,1
530330002006015,2
530330002006017,2
530330002006022,1
530330003001013,1
530330003001016,1
530330003001019,1
530330003002000,2
530330003002008,2
530330003002025,2
530330003002026,1
530330004011002,1
530330004011005,3
530330004011006,1
530330004011008,3
530330004011009,4
530330004012016,1
530330004013000,7
530330004021000,1
530330004021005,2
530330004021008,1
530330004021009,1
530330004021010,2
530330004021011,1
530330004021012,1
530330004021013,1
530330004022011,2
530330004022014,1
530330004023002,1
530330004023013,2
530330004023014,1
530330004024005,1
530330004024010,1
530330004024014,1
530330004024015,2
530330004024016,2
530330005001000,1
530330005001005,1
530330005001013,2
530330005002006,4
530330005003013,2
530330005003015,4
530330006001007,2
530330006002000,1
530330006002001,2
530330006002002,3
530330006002003,1
530330006002005,3
530330006002006,1
530330006003000,1
530330006003003,1
530330006004004,2
530330006004005,2
530330006004015,1
530330006004018,2
530330006004030,2
530330006005017,1
530330006006001,2
530330006006002,1
530330006006005,1
530330006006008,1
530330006006010,1
530330007001000,2
530330007001001,1
530330007001004,1
530330007001007,2
530330007002007,1
530330007002016,1
530330007002018,1
530330007004003,1
530330007004004,2
530330007004007,1
530330008001001,2
530330008001012,1
530330008001013,1
530330008002000,3
530330008002005,1
530330008002008,2
530330009002015,2
530330009002020,1
530330009002025,2
530330010001007,1
530330010002002,2
530330010002010,2
530330011001011,1
530330011001012,1
530330011002002,1
530330011002009,2
530330011002014,5
530330012001001,1
530330012001003,1
530330012001007,1
530330012001009,1
530330012001014,1
530330012001016,1
530330012001018,1
530330012003000,6
530330012003002,4
530330012004000,1
530330012004001,5
530330012005005,1
530330013001000,1
530330013001007,1
530330013001008,1
530330013001014,1
530330013002005,1
530330013003009,1
530330013003015,1
530330013003017,1
530330013003020,1
530330013003021,1
530330014001001,3
530330014001003,4
530330014001009,1
530330014001013,1
530330014001014,1
530330014002003,2
530330014002013,1
530330014002014,3
530330014002016,2
530330014003002,1
530330014003012,1
530330014003013,1
530330014004000,2
530330014004001,2
530330014004008,2
530330015001001,1
530330015001007,1
530330015001011,1
530330015001016,2
530330015001022,2
530330015002007,5
530330015002008,1
530330015002010,1
530330016001003,1
530330016001013,1
530330016001016,3
530330016002005,3
530330016002006,1
530330016002009,2
530330016002020,1
530330016003002,1
530330016003006,2
530330016003009,1
530330016003010,2
530330016003012,1
530330016003014,1
530330017011002,2
530330017011003,2
530330017011004,2
530330017011012,1
530330017011014,1
530330017012000,1
530330017012004,1
530330017012014,2
530330017013001,1
530330017013017,3
530330017013020,2
530330017021002,1
530330017021014,2
530330017022005,1
530330017022011,2
530330017022016,2
530330017023008,1
530330017023009,1
530330017023010,2
530330017023013,1
530330017024004,1
530330017024007,2
530330018001004,2
530330018001005,2
530330018001009,1
530330018002004,1
530330018002009,1
530330018002012,1
530330018002013,4
530330018002014,2
530330018003003,1
530330018003008,2
530330018003011,1
530330018003013,2
530330019001002,4
530330019001012,2
530330019001013,1
530330019001014,1
530330019002003,1
530330019002004,1
530330019002010,1
530330019002012,1
530330019002018,2
530330019003006,3
530330019003007,2
530330019003011,3
530330019003013,1
530330019003019,1
530330020001006,1
530330020001009,1
530330020001012,2
530330020001015,1
530330020001020,5
530330020002003,1
530330020002007,3
530330020002012,2
530330020003002,1
530330020003003,2
530330020003007,2
530330020003012,1
530330021001002,1
530330021003000,1
530330021003002,2
530330021003005,1
530330021003008,1
530330021003015,2
530330022001016,1
530330022002013,1
530330022003006,2
530330022003012,1
530330022004017,1
530330022004021,1
530330024001000,2
530330024001017,1
530330024002004,1
530330024002009,1
530330024003004,1
530330025001008,1
530330025001009,1
530330025001011,1
530330025001015,1
530330025001025,1
530330025002000,2
530330025002012,1
530330025002015,1
530330026001010,1
530330026001013,2
530330026001015,3
530330026002001,2
530330026002008,1
530330026002015,1
530330026002017,2
530330026003004,1
530330026003005,1
530330026003010,1
530330026003012,1
530330026004010,1
530330026004013,1
530330027001006,1
530330027001008,1
530330027001012,1
530330027001019,3
530330027001025,2
530330027002013,1
530330027002016,2
530330027002018,1
530330027002020,1
530330027002029,1
530330027003002,1
530330027003003,1
530330027003005,1
530330027003007,1
530330027003008,1
530330027003009,2
530330027003012,2
530330027003013,2
530330027004002,1
530330027004005,1
530330027004009,1
530330027004010,2
530330027004011,2
530330027004013,1
530330027004014,2
530330027004015,1
530330027004017,1
530330027004024,1
530330027004027,2
530330028001002,1
530330028001014,1
530330028001015,1
530330028002003,1
530330028002004,1
530330028003003,1
530330028003007,1
530330028003010,1
530330028004000,2
530330028004007,2
530330029001005,1
530330029001007,1
530330029001008,1
530330029001016,1
530330029002010,4
530330029002012,3
530330029002013,2
530330029002019,1
530330029003001,2
530330029003004,1
530330029003007,2
530330029003012,1
530330029003014,1
530330030001001,1
530330030001002,2
530330030001004,1
530330030001007,3
530330030001012,2
530330030001013,1
530330030001016,3
530330030001017,1
530330030001019,1
530330030001020,2
530330030001024,4
530330030001026,2
530330030002002,1
530330030003003,1
530330030003004,1
530330030003014,1
530330030003018,1
530330030004005,1
530330030004006,1
530330030004010,1
530330031001004,1
530330031001006,1
530330031001010,1
530330031001014,1
530330031002002,1
530330031002005,1
530330031002010,1
530330031002014,1
530330031003004,1
530330031003008,1
530330031003012,1
530330031003013,1
530330031004001,1
530330031004016,2
530330031004027,2
530330031004028,2
530330031005011,1
530330031005013,1
530330031005023,2
530330032001000,1
530330032001005,1
530330032001007,1
530330032001009,2
530330032002006,2
530330032002009,1
530330032002010,1
530330032002011,1
530330032003003,1
530330032003004,3
530330032003005,2
530330032003008,1
530330032004009,1
530330032005008,2
530330032005009,3
530330032005011,2
530330032006015,1
530330032006027,3
530330032006029,2
530330032006037,2
530330032006042,2
530330032007003,1
530330032007009,2
530330032007011,1
530330032007013,1
530330032007016,2
530330033001006,1
530330033001007,1
530330033001010,2
530330033001017,1
530330033002004,1
530330033002006,1
530330033002008,1
530330033002009,1
530330033002010,1
530330033002012,1
530330033003003,1
530330033003013,1
530330033003015,1
530330033003018,2
530330033003020,2
530330033004000,1
530330033004001,3
530330033004004,1
530330033004009,3
530330033004012,3
530330033005000,2
530330033005002,1
530330033005005,1
530330033005008,1
530330033005010,1
530330033005012,1
530330034001003,1
530330034001008,1
530330034001009,1
530330034001013,1
530330034002005,1
530330034003000,1
530330034003001,1
530330034003003,2
530330034003005,1
530330034003007,1
530330034003017,1
530330035001002,1
530330035001003,3
530330035001009,1
530330035001013,4
530330035001014,3
530330035001026,3
530330035002019,1
530330035003002,1
530330035003026,1
530330036001002,1
530330036001004,2
530330036001016,1
530330036001017,4
530330036001020,2
530330036002010,1
530330036002011,1
530330036002022,3
530330036003000,1
530330036003009,2
530330036003016,2
530330036003018,1
530330036004000,1
530330036004001,1
530330036004005,1
530330036004007,1
530330036004010,3
530330036004015,1
530330036004020,1
530330038001000,1
530330038001001,2
530330038001003,1
530330038001004,1
530330038001006,1
530330038001013,2
530330038002004,1
530330038002012,1
530330038002013,1
530330039001004,1
530330039001009,1
530330039001011,2
530330039001016,1
530330039001017,2
530330039001018,1
530330039001024,1
530330039001025,1
530330039002000,2
530330039002004,2
530330039002006,3
530330039002009,1
530330039002010,1
530330039002017,1
530330039002018,1
530330040001007,1
530330040001027,7
530330040001035,2
530330040002003,1
530330040002005,1
530330040002013,2
530330041001001,1
530330041002003,1
530330041002014,1
530330041002031,2
530330041003003,2
530330041003009,2
530330041004001,3
530330041004006,1
530330041004008,2
530330041004011,3
530330041004012,1
530330041004013,2
530330041005010,1
530330041005015,2
530330041005017,1
530330041005021,3
530330041006000,1
530330041006005,1
530330042001004,1
530330042001015,1
530330042001021,2
530330042002006,2
530330042002012,2
530330042003002,2
530330042003011,1
530330042003019,1
530330042003021,2
530330042003023,1
530330042003032,2
530330042003041,4
530330042004001,1
530330042004011,1
530330042004015,1
530330042005000,1
530330042005017,1
530330042005021,1
530330042005022,2
530330043011010,1
530330043012000,2
530330043012005,1
530330043013016,1
530330043013017,2
530330043021005,1
530330043021006,1
530330043022000,1
530330043022007,2
530330043022010,2
530330043022011,2
530330044001007,2
530330044001024,1
530330044001029,1
530330044002013,1
530330044002023,1
530330044002025,3
530330044002028,2
530330044002029,3
530330044003000,2
530330044003001,1
530330044003002,3
530330044003004,3
530330044003005,1
530330044004000,2
530330044004001,1
530330044004003,1
530330044004004,1
530330044004006,1
530330044004007,2
530330044004009,1
530330045001010,1
530330045001011,1
530330045002009,1
530330045002023,1
530330046001014,2
530330046001016,1
530330046002006,1
530330046002016,1
530330046002017,1
530330046002018,1
530330046002019,2
530330046002020,1
530330046003000,1
530330047001002,1
530330047001003,3
530330047001012,1
530330047001016,2
530330047002005,2
530330047002006,4
530330047002009,2
530330047002011,1
530330047002015,2
530330047002019,1
530330047002020,1
530330047002033,2
530330047002075,2
530330047003003,1
530330047003004,1
530330047003005,5
530330047003010,3
530330047003011,3
530330047003013,2
530330047003018,3
530330047003020,4
530330047004000,1
530330047004001,1
530330047004003,2
530330047004006,2
530330047004010,2
530330047004013,2
530330047004027,2
530330048001002,1
530330048001007,2
530330048001012,4
530330048001013,2
530330048001016,1
530330048001017,1
530330048002009,3
530330048002010,1
530330048002017,1
530330048002019,3
530330048002021,1
530330048003001,1
530330048003039,1
530330048003054,1
530330048004000,2
530330048004009,2
530330048004010,2
530330049001003,2
530330049001006,5
530330049001010,3
530330049001023,3
530330049002002,1
530330049002006,1
530330049002007,1
530330049002017,2
530330049002023,1
530330049003000,1
530330049003005,1
530330049003008,1
530330049003010,7
530330049003011,1
530330049004001,1
530330049004008,1
530330049004009,1
530330049004013,1
530330049004014,3
530330049004016,1
530330049005003,2
530330049005005,2
530330049005006,1
530330049005009,1
530330049005016,1
530330049005019,1
530330049005021,1
530330050001004,1
530330050001028,1
530330050001029,1
530330050001030,2
530330050001038,1
530330050001039,2
530330050001043,1
530330050002002,2
530330050002004,1
530330050002005,1
530330050002009,3
530330050002010,1
530330050002014,1
530330050002017,1
530330050003009,1
530330050003012,1
530330050003013,1
530330050003014,1
530330050003017,2
530330051001002,2
530330051001003,1
530330051001012,1
530330051001019,2
530330051002006,1
530330051002014,1
530330051002021,1
530330051002023,2
530330051002026,1
530330051003002,3
530330051003007,1
530330051003017,2
530330052001003,2
530330052001004,1
530330052002002,1
530330052003008,1
530330052003011,1
530330052004012,1
530330052004019,3
530330052005001,1
530330052005006,1
530330052005008,1
530330053011005,1
530330053011009,1
530330053012000,1
530330053012001,1
530330053012003,1
530330053012004,2
530330053013003,1
530330053013006,1
530330053014002,3
530330053014003,1
530330054001003,1
530330054001004,1
530330054001009,1
530330054001015,1
530330054001017,3
530330054002018,1
530330054002024,2
530330054002025,1
530330054002027,1
530330054002028,1
530330054002030,2
530330054003007,1
530330054003010,2
530330054003013,1
530330054003023,2
530330054003024,1
530330054003031,1
530330054004000,2
530330054004007,1
530330054004008,1
530330054004019,3
530330054004020,1
530330056002000,1
530330056002026,1
530330056002027,1
530330056002028,1
530330056002029,1
530330056003028,1
530330056003038,1
530330056003044,1
530330056004018,1
530330056005041,4
530330057001028,1
530330057002000,2
530330057002003,2
530330057002011,1
530330057003000,1
530330057003001,1
530330057003006,1
530330057003008,1
530330057003010,1
530330057003012,1
530330057004000,1
530330057004009,2
530330057004011,2
530330057004013,2
530330057004016,1
530330057004019,2
530330057005001,1
530330057005008,1
530330057006004,3
530330057006013,2
530330057006014,1
530330058011000,2
530330058011003,2
530330058011004,2
530330058012001,2
530330058012002,3
530330058012003,3
530330058012007,2
530330058012010,3
530330058013002,2
530330058013003,2
530330058013016,2
530330058014001,1
530330058014031,1
530330058014032,3
530330058014038,1
530330058014053,2
530330058014062,4
530330058021000,3
530330058021008,2
530330058021012,2
530330058021021,1
530330058022000,2
530330058022007,1
530330058022012,1
530330058022013,1
530330058022016,1
530330058022019,1
530330058023003,1
530330058023009,1
530330058023024,1
530330058023034,1
530330058023053,3
530330059001009,1
530330059001029,1
530330059001031,1
530330059002008,2
530330059002014,1
530330059002018,1
530330059003000,4
530330059003007,1
530330059003008,4
530330059003012,1
530330059004004,1
530330059004009,2
530330059004014,5
530330059004018,1
530330059005004,1
530330059005022,1
530330059005025,2
530330060001001,2
530330060001003,1
530330060001006,3
530330060001010,1
530330060001012,2
530330060001013,2
530330060001015,2
530330060001018,2
530330060002018,1
530330060002023,2
530330060002024,3
530330060002028,1
530330060003005,1
530330060003007,1
530330060003012,2
530330060003019,2
530330060003020,3
530330060003021,3
530330060003023,2
530330060004005,1
530330060004014,2
530330060004015,1
530330060004017,2
530330061001002,1
530330061001007,3
530330061001011,4
530330061001016,1
530330061001019,2
530330061002002,1
530330061002009,1
530330061002010,1
530330061002012,1
530330061002026,1
530330061002027,1
530330061002029,1
530330061003010,1
530330061003013,1
530330061003015,2
530330061003017,1
530330061003018,1
530330061003021,2
530330061004005,1
530330061004006,1
530330061004007,1
530330061004012,2
530330061004013,3
530330062001037,1
530330062001038,1
530330062001042,1
530330062001043,1
530330062001045,1
530330062002003,1
530330062002030,2
530330062002032,2
530330062002036,1
530330062002037,2
530330062002041,1
530330062003001,2
530330062003011,2
530330063001004,1
530330063001008,1
530330063001014,1
530330063001019,2
530330063002003,4
530330063002027,2
530330063003002,4
530330063003007,1
530330063003017,1
530330063003020,1
530330063004007,2
530330063004012,1
530330063004020,1
530330064001000,1
530330064001001,1
530330064001010,1
530330064001019,1
530330064002001,1
530330064002005,1
530330064003001,2
530330064003007,2
530330065001008,1
530330065001010,1
530330065001014,2
530330065001018,4
530330065001022,1
530330065001026,1
530330065002004,1
530330065002008,2
530330065002010,4
530330065003002,1
530330065003007,2
530330065003011,1
530330065003012,2
530330065003014,1
530330066001002,2
530330066001006,1
530330066001008,2
530330066001009,1
530330066001010,2
530330066001015,4
530330066001016,2
530330066001017,1
530330066001024,3
530330066001027,2
530330066001032,1
530330066002001,2
530330066002003,6
530330066002004,1
530330066002006,3
530330066002008,3
530330066002009,2
530330066002010,1
530330066002011,2
530330066002013,2
530330066002014,2
530330066002018,1
530330067001004,2
530330067001011,1
530330067001012,1
530330067001015,2
530330067001017,1
530330067002002,3
530330067002004,1
530330067002010,1
530330067002012,1
530330067002013,1
530330067002021,1
530330067002031,1
530330067002034,1
530330067003003,2
530330067003011,2
530330067003017,2
530330067004006,1
530330067004009,1
530330067004011,1
530330067004017,1
530330067004022,1
530330067004023,1
530330067004024,4
530330067004025,3
530330067004026,1
530330068001004,2
530330068001008,3
530330068001027,2
530330068001029,2
530330068001034,2
530330068002002,1
530330068002004,1
530330068002006,1
530330068002010,1
530330068002012,2
530330068002015,1
530330068002016,1
530330068002017,2
530330068002018,1
530330068002023,1
530330068002024,2
530330068002025,3
530330069001001,1
530330069001002,2
530330069001007,1
530330069001008,1
530330069001009,1
530330069001010,2
530330069001011,2
530330069001014,1
530330069002010,1
530330069002015,2
530330069002025,1
530330069002028,1
530330069002030,1
530330069003009,2
530330069003014,1
530330069004001,2
530330069004004,2
530330069004006,1
530330069004011,1
530330069004012,2
530330069004017,1
530330070001004,3
530330070001017,1
530330070001018,2
530330070001019,1
530330070002000,7
530330070002002,2
530330070002003,2
530330070002004,2
530330070003000,1
530330070003002,1
530330070003004,2
530330070003009,2
530330070003012,2
530330070003013,3
530330070003014,1
530330070003015,1
530330070004000,2
530330070004002,1
530330070004004,2
530330070004008,1
530330070004009,1
530330070005001,2
530330070005002,1
530330070005003,1
530330070006008,2
530330070006011,1
530330071001001,3
530330071001002,1
530330071001003,4
530330071002002,1
530330071002004,4
530330071002008,2
530330071002010,2
530330071002012,1
530330071002014,1
530330071002015,1
530330071002016,2
530330071002020,1
530330071002021,1
530330072001014,1
530330072001015,6
530330072001041,1
530330072001043,1
530330072001047,4
530330072001053,1
530330072001055,2
530330072001066,2
530330072001067,6
530330072001068,1
530330072001069,2
530330072001074,2
530330072001075,2
530330072002008,9
530330072002013,5
530330072002023,1
530330072003000,6
530330072003001,1
530330072003005,5
530330072003006,4
530330072003008,9
530330073001005,1
530330073001013,3
530330073001014,3
530330073001016,7
530330073001018,1
530330073001020,1
530330073001025,2
530330073001026,2
530330073001027,3
530330073001028,1
530330073002002,3
530330073002004,7
530330073002007,2
530330073002016,2
530330073002020,2
530330073003016,7
530330073003020,3
530330073003023,5
530330073003027,3
530330074011004,2
530330074011006,2
530330074012000,2
530330074012001,6
530330074012007,1
530330074013000,1
530330074013006,1
530330074013007,2
530330074013008,4
530330074014000,2
530330074014002,2
530330074014003,4
530330074014004,3
530330074021001,1
530330074021004,2
530330074021005,4
530330074021007,2
530330074021009,2
530330074021010,2
530330074022000,1
530330074022001,2
530330074022002,1
530330074022004,3
530330074022005,4
530330074023000,1
530330074023001,2
530330074023002,2
530330074023004,1
530330074023005,1
530330074023006,2
530330075001001,2
530330075001002,1
530330075001006,1
530330075001009,1
530330075002001,1
530330075002002,2
530330075002003,3
530330075002005,2
530330075002007,2
530330075002008,7
530330075003000,5
530330075003001,4
530330075003002,2
530330075003005,2
530330075003006,3
530330075003009,1
530330075003011,2
530330075003012,1
530330075003014,3
530330075004000,4
530330075004002,3
530330075004003,1
530330075004007,2
530330075004008,2
530330075004011,4
530330075004015,1
530330075004019,2
530330075005002,2
530330075005005,2
530330075005006,2
530330076001005,2
530330076001007,2
530330076001008,2
530330076001009,1
530330076001011,1
530330076002005,1
530330076002007,1
530330076002008,3
530330076002009,1
530330076002010,2
530330076002011,1
530330077001014,1
530330077001017,1
530330077001021,1
530330077001022,1
530330077001025,1
530330077001026,2
530330077001030,2
530330077001031,1
530330077001032,2
530330077002007,2
530330077002008,2
530330077002009,1
530330077002014,1
530330077002016,1
530330077003011,1
530330077003013,1
530330077003015,1
530330077004003,1
530330077004004,3
530330077004007,3
530330078002014,1
530330078002026,1
530330078002037,1
530330078003003,2
530330078003005,2
530330078003016,4
530330078003018,2
530330078003027,1
530330078004000,1
530330078004020,2
530330078004022,1
530330078004027,2
530330079001000,2
530330079001006,1
530330079002002,1
530330079002003,1
530330079002005,2
530330079003002,1
530330079003005,1
530330079004001,1
530330079004003,1
530330079004004,1
530330079004006,1
530330079005005,2
530330079005006,3
530330079005008,2
530330079005009,1
530330080011002,1
530330080011007,1
530330080011008,2
530330080011009,2
530330080011010,2
530330080012004,1
530330080012007,6
530330080012008,3
530330080012009,1
530330080013001,2
530330080013004,1
530330080013019,2
530330080013020,6
530330080014000,1
530330080014002,1
530330080014003,1
530330080014004,2
530330080014005,3
530330080015000,4
530330080015001,5
530330080021001,2
530330080021002,4
530330080021003,2
530330080021005,1
530330080021006,1
530330080021007,3
530330080021008,1
530330080022001,4
530330080022005,2
530330080022006,3
530330080022011,3
530330081001003,1
530330081001027,1
530330081002019,1
530330081002024,1
530330081002029,2
530330081002040,1
530330081002043,4
530330081002046,1
530330081003000,2
530330081003003,1
530330081003010,2
530330081003012,2
530330082001001,3
530330082001004,2
530330082001018,2
530330082001033,1
530330082002000,4
530330082002007,6
530330082002008,2
530330082002009,1
530330082003001,1
530330082003002,1
530330082003003,5
530330083001001,1
530330083001008,1
530330083001010,1
530330083002009,1
530330083002014,4
530330083002015,3
530330083002016,5
530330083002017,3
530330084001002,7
530330084001003,2
530330084001007,2
530330084001010,1
530330084002002,4
530330084002004,3
530330084002014,4
530330084002015,2
530330084002016,2
530330084003000,3
530330084003001,2
530330084003004,3
530330084003006,1
530330084003007,1
530330084003008,2
530330084003011,2
530330085001003,1
530330085002012,1
530330085003000,1
530330085003006,8
530330086001000,1
530330086001005,1
530330086001008,1
530330086001011,1
530330086001018,1
530330086002000,1
530330086002009,1
530330086002014,1
530330086002016,1
530330086003006,1
530330087001001,1
530330087001003,1
530330087001006,1
530330087001017,2
530330087001019,1
530330087001025,1
530330087002001,3
530330087002005,2
530330087002015,5
530330087003002,2
530330087003003,1
530330087003004,2
530330087003010,1
530330087003013,1
530330087003017,1
530330087003018,1
530330088001004,2
530330088001007,2
530330088001014,2
530330088001016,1
530330088002003,1
530330088002007,1
530330088002009,4
530330088002022,1
530330088003017,1
530330089001006,2
530330089001022,1
530330089001030,2
530330089001037,1
530330089002013,2
530330089002024,2
530330089002025,1
530330089003015,2
530330089003020,1
530330089003022,1
530330089004004,1
530330089004005,1
530330089004012,1
530330090001000,1
530330090001002,1
530330090001006,3
530330090001012,1
530330090001015,1
530330090002023,1
530330090002026,1
530330090002028,1
530330090002029,1
530330090002037,1
530330091001002,2
530330091001021,1
530330091001024,2
530330092001003,1
530330092002001,1
530330092002008,1
530330092002014,1
530330092002028,2
530330093001024,2
530330093002024,1
530330093003000,2
530330093003108,1
530330093003212,2
530330094001002,1
530330094001003,1
530330094002049,1
530330094003008,1
530330094003014,2
530330094003022,2
530330094003036,2
530330094004001,1
530330094004014,1
530330094005005,1
530330094005007,1
530330094005009,2
530330094005015,1
530330095001034,1
530330095001069,1
530330095002032,2
530330095002038,1
530330095002073,1
530330095003010,1
530330095003027,1
530330095003043,1
530330095004010,1
530330095004023,2
530330095004024,1
530330096001000,1
530330096001003,1
530330096001008,1
530330096001010,2
530330096002002,1
530330096002007,1
530330096002012,1
530330096003002,1
530330096003008,1
530330096003013,2
530330096003015,1
530330096004003,1
530330096004008,1
530330096004019,1
530330096005014,3
530330097011000,1
530330097011004,1
530330097011012,1
530330097012003,1
530330097012006,1
530330097013015,1
530330097013018,3
530330097014023,1
530330097014024,1
530330097014038,2
530330097021001,1
530330097021002,2
530330097021003,2
530330097021007,1
530330097021009,1
530330097021013,1
530330097021023,1
530330097022001,2
530330097022004,1
530330097022008,2
530330097023002,1
530330097023008,1
530330097023010,2
530330097023011,1
530330097023016,1
530330097024011,1
530330097024017,2
530330097025003,2
530330097025004,2
530330097025005,1
530330097025010,2
530330097025014,3
530330098001009,1
530330098001026,1
530330098001027,1
530330098001029,1
530330098002003,2
530330098002005,1
530330098002006,1
530330098002008,3
530330098002010,1
530330098002013,1
530330098002014,2
530330098003002,1
530330098003016,1
530330098003019,2
530330098003022,1
530330098003024,4
530330098003025,1
530330098004004,1
530330098004007,1
530330098004015,1
530330098004021,1
530330098005002,1
530330098005003,2
530330098005006,1
530330098005009,1
530330098005011,1
530330098005012,1
530330098005015,1
530330098005016,1
530330099001002,4
530330099001016,1
530330099001017,1
530330099001020,3
530330099001021,2
530330099002000,2
530330099002005,1
530330099002008,1
530330099003000,2
530330099003001,1
530330099003003,1
530330099003007,1
530330099004030,2
530330099004051,1
530330099004089,1
530330099004090,1
530330099004092,1
530330100011011,1
530330100012006,2
530330100012009,1
530330100012010,2
530330100012017,2
530330100012018,5
530330100012019,1
530330100013000,1
530330100013004,1
530330100013008,1
530330100021009,1
530330100021019,2
530330100022023,1
530330100022024,1
530330100023010,1
530330100023012,1
530330100023015,2
530330100023021,2
530330100024001,1
530330100024003,2
530330100024019,1
530330101001007,1
530330101001031,2
530330101002002,1
530330101002015,1
530330101002021,2
530330101002025,1
530330101003001,2
530330101003014,2
530330101004003,2
530330101004017,1
530330101004019,2
530330101005008,1
530330101005014,1
530330101005017,1
530330101005031,1
530330102001007,2
530330102001008,1
530330102001010,1
530330102001020,1
530330102001034,2
530330102002025,1
530330102003008,1
530330102003009,1
530330102004002,1
530330102004005,1
530330102004012,2
530330102004015,1
530330102004018,1
530330102004024,2
530330102004028,1
530330103001000,2
530330103001008,1
530330103001012,2
530330103001013,3
530330103002001,1
530330103002009,1
530330103002010,2
530330103003004,4
530330103004001,1
530330103004003,1
530330103004007,2
530330103004015,1
530330103005004,4
530330103005006,1
530330103005009,2
530330103005011,1
530330103005012,4
530330103005017,1
530330103005020,1
530330104011007,1
530330104012005,1
530330104012015,2
530330104012025,1
530330104013008,1
530330104021020,1
530330104021023,2
530330104022000,1
530330104022004,3
530330104023006,2
530330104023019,1
530330104024001,1
530330104024005,2
530330105001014,3
530330105001019,3
530330105002001,1
530330105002002,1
530330105002007,1
530330105002008,3
530330105002010,1
530330105002016,2
530330105003001,2
530330105003002,1
530330105003003,1
530330105003015,2
530330105003020,1
530330105004003,1
530330105004004,1
530330105004009,2
530330105004013,1
530330105005003,2
530330105005006,1
530330105005008,2
530330105005009,1
530330105005013,2
530330105005015,1
530330105005016,2
530330105005018,1
530330106001004,2
530330106001008,3
530330106001023,1
530330106001025,1
530330106002002,1
530330106002012,2
530330106003004,2
530330106003006,1
530330106003009,1
530330106003012,4
530330106003016,1
530330106003018,2
530330106003019,2
530330106004001,1
530330106004006,1
530330106004014,1
530330106004020,2
530330106005001,1
530330106005006,1
530330106005008,1
530330106005015,2
530330106005019,1
530330106005027,1
530330106006000,2
530330106006001,1
530330106006006,1
530330107011005,1
530330107011006,1
530330107011008,1
530330107011016,3
530330107011017,2
530330107012006,2
530330107012014,1
530330107012015,2
530330107012016,1
530330107012019,1
530330107021001,1
530330107021010,2
530330107021012,3
530330107022002,3
530330107022003,4
530330107023006,2
530330107023008,1
530330107023010,2
530330108001011,1
530330108001013,2
530330108001034,2
530330108002002,1
530330108002006,1
530330108002008,3
530330108002010,1
530330108003009,3
530330108003019,3
530330109001006,1
530330109002028,2
530330110011005,2
530330110012000,2
530330110012006,1
530330110013007,1
530330110013017,1
530330110022016,1
530330110022019,1
530330110022029,3
530330110023003,1
530330110023005,1
530330110023009,2
530330111011004,2
530330111012003,1
530330111012017,1
530330111013004,1
530330111013008,2
530330111014011,1
530330111014021,2
530330111014023,1
530330111022006,1
530330111022010,2
530330111023001,2
530330111024002,2
530330111024004,2
530330111024006,1
530330111024008,1
530330112001030,1
530330112002055,1
530330112002056,1
530330112003006,1
530330112003014,1
530330112003020,1
530330113001000,5
530330113001001,1
530330113001007,1
530330113001020,1
530330113001022,1
530330113002001,1
530330113002010,1
530330113003003,1
530330113003008,1
530330113004004,1
530330114011002,2
530330114011006,1
530330114011007,1
530330114012005,1
530330114013000,1
530330114013002,3
530330114013003,2
530330114013005,1
530330114013006,1
530330114013011,1
530330114013013,1
530330114013019,1
530330114021003,1
530330114021033,1
530330115001005,1
530330115001008,1
530330115002025,1
530330115002026,1
530330115003001,2
530330115003005,1
530330115003006,2
530330115003008,1
530330115003017,1
530330116001001,4
530330116001002,3
530330116001003,1
530330116001014,2
530330116001015,1
530330116002005,1
530330116002007,1
530330116002013,1
530330116002016,1
530330116003017,1
530330116004005,1
530330116004008,1
530330116004013,1
530330116005010,1
530330116005021,1
530330116006000,1
530330116006013,2
530330116006021,2
530330116006022,3
530330117001001,1
530330117001004,2
530330117001010,1
530330117001013,1
530330117001016,1
530330117002010,1
530330117002013,2
530330117003002,1
530330117003015,1
530330117004000,1
530330117004004,2
530330118001004,1
530330118001009,1
530330118001013,1
530330118002000,1
530330118002018,1
530330118003006,1
530330118004002,1
530330118004003,1
530330118004005,1
530330118004012,2
530330118004013,1
530330118005000,4
530330118005001,1
530330118006003,1
530330118006012,1
530330118006017,1
530330118006018,1
530330119001016,1
530330119002025,1
530330119003008,2
530330119003009,1
530330119004005,1
530330119004009,1
530330119004013,2
530330119005010,1
530330119005012,1
530330119005017,1
530330120001006,1
530330120002003,1
530330120002005,1
530330120002012,1
530330120003009,1
530330120003011,2
530330120003015,1
530330121001012,1
530330121001020,1
530330121002009,1
530330121002020,1
530330201001005,2
530330201001006,2
530330201002008,2
530330201003001,1
530330201003005,1
530330202001002,1
530330202001010,1
530330202002000,2
530330202003003,2
530330202003005,2
530330202004004,1
530330202005004,1
530330203001000,1
530330203001003,1
530330203001010,2
530330203002005,1
530330203002007,2
530330203002012,1
530330203004012,1
530330203004016,1
530330203005006,2
530330203005009,1
530330203005012,5
530330204011000,1
530330204011016,1
530330204012001,2
530330204012007,1
530330204013002,1
530330204021001,1
530330204021002,2
530330204021009,2
530330204021012,2
530330204022000,1
530330204022001,3
530330204022006,2
530330204023002,1
530330204023003,2
530330204024003,1
530330204024005,1
530330204025001,2
530330204025003,1
530330204025004,1
530330204025005,1
530330205001002,1
530330205001005,1
530330205002001,3
530330205002003,1
530330205002008,1
530330205003004,1
530330205003008,3
530330205006007,1
530330206001002,1
530330206001003,1
530330206003010,2
530330206003012,1
530330206004005,1
530330207001007,1
530330207002005,1
530330208001004,1
530330208001008,2
530330208001009,1
530330208003006,2
530330209001002,1
530330209001018,1
530330209002014,1
530330209003025,1
530330210001000,3
530330210001010,2
530330210002002,2
530330210003006,1
530330210003007,2
530330210003009,2
530330210004000,1
530330210004004,1
530330210004009,1
530330210004011,1
530330210004012,1
530330211001000,2
530330211001003,1
530330211002001,1
530330211002006,1
530330211002007,3
530330211003005,2
530330211003014,1
530330213001006,2
530330213001013,1
530330213001016,1
530330213002015,2
530330213002016,1
530330213002018,1
530330213002019,1
530330213003000,1
530330213003006,1
530330213003008,1
530330213003025,1
530330214001012,1
530330214001022,1
530330214002006,1
530330214002016,1
530330214003000,3
530330214003003,2
530330214003006,1
530330214003010,2
530330215001004,1
530330215001009,1
530330215001011,1
530330215001015,2
530330215002003,1
530330215002006,1
530330215002007,1
530330215004000,2
530330215004014,3
530330216001011,2
530330216001014,1
530330216002022,1
530330216003005,2
530330216003015,1
530330216003019,1
530330216004001,2
530330216004003,1
530330217001001,4
530330217002004,1
530330217002009,1
530330217002015,1
530330217003001,2
530330217003008,1
530330217004004,1
530330217004009,1
530330217005008,2
530330217005015,3
530330217005017,2
530330218021007,2
530330218022000,1
530330218022003,2
530330218023004,2
530330218023011,1
530330218032010,1
530330218033003,1
530330218033015,1
530330218033018,1
530330218034005,1
530330218041001,1
530330218041009,1
530330218041030,1
530330218042003,1
530330219031007,1
530330219032000,1
530330219033006,1
530330219034001,1
530330219035003,1
530330219041013,1
530330219041034,1
530330219041036,1
530330219051014,2
530330219051015,2
530330219053001,2
530330219061020,2
530330219061027,3
530330219062017,1
530330219063005,1
530330219063010,8
530330219063012,1
530330220011008,1
530330220011009,1
530330220012001,2
530330220012010,1
530330220012023,3
530330220012033,1
530330220013013,3
530330220013018,1
530330220031012,1
530330220032002,4
530330220032008,1
530330220034000,2
530330220034002,1
530330220034003,1
530330220035002,2
530330220051003,1
530330220051005,4
530330220051017,3
530330220051023,1
530330220052003,2
530330220052005,1
530330220052007,1
530330220053010,2
530330220053013,2
530330220053018,1
530330220061000,1
530330220061002,1
530330220062000,1
530330220062004,2
530330220062006,2
530330220062009,1
530330221011001,2
530330221011005,1
530330221012007,5
530330221013000,1
530330221013007,2
530330221013014,1
530330221021008,1
530330221021010,2
530330221021022,1
530330221021029,1
530330221022002,3
530330221023002,1
530330221023012,2
530330221023013,1
530330221024003,3
530330221024013,1
530330222011000,1
530330222011014,2
530330222012002,2
530330222012005,2
530330222013005,2
530330222013008,1
530330222014002,1
530330222014005,2
530330222014007,1
530330222014009,1
530330222014016,1
530330222021000,1
530330222022003,1
530330222022005,2
530330222022007,2
530330222023003,1
530330222023006,1
530330222025006,1
530330222025007,1
530330222031005,1
530330222031014,1
530330222032000,1
530330222032006,2
530330222032012,2
530330222032018,2
530330222033001,1
530330223001006,1
530330223001020,1
530330223002007,1
530330224001005,2
530330224002011,1
530330224002020,1
530330224002021,1
530330224003006,2
530330224003038,2
530330224004023,2
530330224005030,1
530330224005032,1
530330225001001,2
530330225001006,1
530330225001011,2
530330225002006,1
530330225002014,2
530330225003001,4
530330225004001,1
530330225004002,3
530330225004003,1
530330225004008,2
530330225004014,1
530330225004023,1
530330225005001,2
530330225005014,1
530330225005020,1
530330226031004,1
530330226031005,1
530330226032000,2
530330226032013,1
530330226033000,1
530330226033008,1
530330226034001,2
530330226034007,2
530330226034012,1
530330226034015,2
530330226035004,4
530330226041000,2
530330226041012,3
530330226042001,1
530330226042018,2
530330226042022,1
530330226042027,3
530330226043000,2
530330226043015,1
530330226051010,1
530330226051033,1
530330226051037,1
530330226051041,1
530330226052001,2
530330226053003,2
530330226053008,1
530330226053009,2
530330226053010,1
530330226061002,1
530330226061008,2
530330226061015,2
530330226062000,1
530330226062004,2
530330226062006,1
530330226062014,1
530330226063001,1
530330226063007,1
530330226063009,2
530330226063013,2
530330226063014,1
530330226063017,1
530330226064000,1
530330226064002,1
530330226064008,1
530330227011013,1
530330227011016,1
530330227012005,1
530330227012013,2
530330227012016,2
530330227012017,1
530330227021007,2
530330227022015,1
530330227031004,2
530330227031023,1
530330227032002,1
530330228011004,3
530330228012000,2
530330228012002,3
530330228012003,2
530330228012007,2
530330228013000,1
530330228014000,1
530330228023000,1
530330228023016,2
530330228031000,1
530330228032004,1
530330228032008,5
530330228032010,1
530330228033002,1
530330228033043,3
530330229011010,1
530330229011025,1
530330229012007,1
530330229012018,4
530330229021010,2
530330229021015,1
530330229022012,2
530330229023000,3
530330229023001,2
530330229023007,1
530330229024004,1
530330229024008,1
530330229024012,2
530330229025007,2
530330229025009,1
530330230001005,2
530330230002006,1
530330230002014,1
530330230003001,2
530330231001007,3
530330231002000,1
530330231002003,2
530330231002010,2
530330231003004,1
530330231003005,1
530330231003011,3
530330232011001,1
530330232013001,1
530330232013003,1
530330232013006,1
530330232021002,2
530330232021006,2
530330232022000,1
530330232023001,1
530330232023009,2
530330233001019,2
530330233001029,1
530330233004006,2
530330233004012,1
530330233004019,1
530330234011000,3
530330234011005,1
530330234011014,2
530330234012010,1
530330234031004,3
530330234031006,1
530330234031020,1
530330234031023,1
530330234031024,2
530330234032005,1
530330234033009,1
530330234041010,1
530330234041013,1
530330234042008,1
530330234042009,2
530330234042013,1
530330235001008,2
530330235001010,1
530330235002011,2
530330235003010,1
530330236012018,1
530330236013003,1
530330236013007,1
530330236013011,1
530330236032000,2
530330236034002,1
530330236041001,2
530330236041010,2
530330236042003,2
530330236042004,1
530330236042013,2
530330236043000,1
530330237001009,1
530330237001012,1
530330237002003,1
530330237002007,1
530330237002019,2
530330237003010,2
530330238011013,2
530330238011017,1
530330238012028,1
530330238031000,5
530330238032003,1
530330238032004,2
530330238032007,1
530330238032010,5
530330238041004,4
530330238041005,1
530330238041007,1
530330238042003,1
530330238042004,3
530330238042009,1
530330238043008,2
530330239001000,1
530330239001005,1
530330239002002,1
530330239002009,1
530330239003001,1
530330239003002,1
530330239003009,1
530330239003054,1
530330240001016,1
530330240001017,1
530330240002003,1
530330240002005,1
530330240002013,1
530330240002021,1
530330240002025,1
530330240003008,3
530330240003012,1
530330240004031,1
530330240004040,1
530330241001003,1
530330241001013,1
530330241002014,1
530330241003002,1
530330241004012,1
530330242002040,2
530330242002044,2
530330243001010,2
530330243001012,1
530330243001013,2
530330243001020,1
530330243001034,1
530330243001055,2
530330243002003,1
530330243002004,1
530330243002006,2
530330243002013,2
530330243002020,2
530330243003006,1
530330243003015,1
530330243003018,1
530330243004009,2
530330243004010,1
530330243004015,1
530330243005012,1
530330244001006,2
530330244002006,6
530330244002008,5
530330244002009,3
530330244002011,1
530330245001001,1
530330245001012,2
530330245001020,3
530330245001026,2
530330245001035,4
530330245002000,1
530330245003000,4
530330245003007,2
530330245003017,1
530330246011001,1
530330246011013,2
530330246011019,2
530330246012002,1
530330246012008,2
530330246012010,1
530330246021007,1
530330246021024,1
530330246022010,3
530330246022011,1
530330246022014,1
530330246022022,1
530330246022026,2
530330246023003,1
530330247012001,1
530330247012004,1
530330247012007,1
530330247021000,1
530330247022001,1
530330247023005,1
530330247024011,1
530330247024021,1
530330248001020,1
530330248002008,1
530330248002014,2
530330248002029,2
530330248002032,1
530330248002050,1
530330248003012,1
530330248003022,2
530330249011002,1
530330249011006,1
530330249011009,1
530330249012011,1
530330249012017,1
530330249012018,1
530330249012022,1
530330249012024,2
530330249012028,1
530330249013018,1
530330249014002,2
530330249014003,1
530330249021008,1
530330249022007,1
530330249022009,1
530330249022016,2
530330249031000,1
530330249031008,2
530330249031011,1
530330249031013,1
530330249033007,1
530330249033010,1
530330249034009,1
530330250011000,2
530330250012011,1
530330250012021,1
530330250013003,1
530330250031002,3
530330250031006,1
530330250032007,1
530330250032011,1
530330250033003,1
530330250033010,2
530330250034001,1
530330250034009,1
530330250034014,1
530330250034017,2
530330250035000,4
530330250051011,2
530330250051012,1
530330250051031,3
530330250052006,1
530330250052010,1
530330250061004,1
530330250061013,2
530330250062003,1
530330250062019,3
530330250062020,1
530330250063001,1
530330251011007,1
530330251011012,1
530330251012005,2
530330251012006,1
530330251013001,2
530330251013005,1
530330251013008,2
530330251014010,1
530330251014017,1
530330251021002,1
530330251021003,1
530330251021016,1
530330251022002,1
530330251022006,1
530330251022008,1
530330251023000,1
530330251023007,2
530330251023019,1
530330251023027,1
530330251024007,1
530330252001005,2
530330252002007,2
530330252002010,2
530330252003007,1
530330252004009,1
530330252005009,2
530330253011000,1
530330253011019,3
530330253011020,1
530330253012002,2
530330253012013,2
530330253012014,2
530330253012028,2
530330253012031,1
530330253013039,1
530330253021011,1
530330253022047,2
530330254001006,4
530330254003002,1
530330254003016,4
530330255001003,3
530330255001005,2
530330255002000,1
530330255003012,1
530330255003014,1
530330256011001,1
530330256011009,1
530330256011014,1
530330256012004,1
530330256012005,3
530330256013011,1
530330256013017,1
530330256013034,1
530330256013035,1
530330256013038,1
530330256021014,2
530330256021028,2
530330256022006,2
530330256023002,1
530330256023013,1
530330256023014,2
530330256023037,2
530330257011001,1
530330257011023,2
530330257012000,1
530330257012004,1
530330257012006,1
530330257012008,1
530330257013001,4
530330257014004,1
530330257015008,2
530330257021000,1
530330257021019,2
530330257021027,1
530330257023002,1
530330257023004,1
530330257023012,1
530330257023013,1
530330258031002,1
530330258031012,2
530330258031013,1
530330258032000,1
530330258032006,1
530330258032013,3
530330258041005,1
530330258042001,2
530330258042010,2
530330258043002,1
530330258043003,1
530330258043013,1
530330258051004,1
530330258052007,1
530330258053011,2
530330258061002,1
530330258061005,2
530330258061020,1
530330258062006,2
530330258062008,1
530330258062011,1
530330258063003,1
530330258063012,2
530330258063019,1
530330258063028,1
530330258063030,2
530330258063031,4
530330260011028,1
530330260012017,1
530330260014001,2
530330260014012,1
530330260014016,1
530330260015001,2
530330260015006,1
530330260015007,1
530330260015012,1
530330260015013,2
530330260021006,2
530330260021009,4
530330260022020,1
530330260023000,1
530330260023010,1
530330260023029,2
530330260024010,1
530330260024019,4
530330260024026,2
530330261001000,1
530330261001005,1
530330261001009,1
530330261003013,1
530330261004007,1
530330262001191,2
530330262002004,1
530330262002009,1
530330262002010,4
530330262002013,1
530330262003005,1
530330262003006,2
530330262004000,1
530330262004004,1
530330262004009,1
530330263001042,2
530330263002006,1
530330263002018,1
530330264001008,2
530330264002001,1
530330264003003,2
530330264004014,1
530330264004017,1
530330264005014,2
530330265001008,2
530330265002018,1
530330265002021,1
530330265003008,2
530330266001007,1
530330266002009,1
530330267001005,1
530330267002003,2
530330267003001,1
530330267003003,1
530330267003010,2
530330267003012,1
530330267004009,2
530330267004016,2
530330268011000,2
530330268011015,2
530330268011022,1
530330268012009,1
530330268013004,1
530330268014001,2
530330268014002,2
530330268021001,1
530330268023000,1
530330268023006,1
530330270001003,1
530330270002004,1
530330270002005,1
530330270002013,1
530330270003005,1
530330270003008,2
530330271001002,2
530330271001022,1
530330271002009,1
530330271002037,1
530330272001019,1
530330272001020,1
530330272002047,1
530330273001005,1
530330273001011,2
530330273002001,2
530330273003001,2
530330273004003,1
530330274001016,1
530330274001019,1
530330274002000,1
530330274002011,1
530330274003021,2
530330275001006,1
530330275001012,1
530330275002002,1
530330275002028,1
530330275003007,1
530330275003014,1
530330276002020,1
530330277011009,1
530330277014003,1
530330277014019,1
530330277015019,1
530330277023018,1
530330277024023,2
530330278003002,2
530330279002007,2
530330279002009,2
530330279003000,2
530330279004017,2
530330279006021,1
530330280001001,2
530330280001014,1
530330280001015,1
530330280002001,4
530330280003011,1
530330280003019,2
530330281001002,3
530330281001005,1
530330281002003,2
530330281002013,2
530330282001005,1
530330282001010,2
530330282002005,1
530330283001003,2
530330283002007,2
530330283003084,1
530330284021007,2
530330284022005,1
530330284022009,1
530330284023008,1
530330284024057,1
530330284031002,2
530330284031003,4
530330284031004,1
530330284031006,1
530330284032011,1
530330285001007,1
530330285001020,1
530330285003000,2
530330285003004,3
530330285003005,2
530330286001004,1
530330286003005,1
530330286004001,2
530330286004005,1
530330286004010,1
530330286004015,2
530330286005011,1
530330286005015,1
530330286005018,1
530330287001001,1
530330287001002,2
530330287001009,1
530330287003003,2
530330287003007,2
530330287004007,1
530330288011012,1
530330288013002,4
530330288021000,1
530330288021011,2
530330288024004,3
530330289014002,1
530330289021000,1
530330289024002,3
530330290013000,1
530330290013009,2
530330290033001,3
530330290033005,1
530330290041004,2
530330290041036,1
530330290042008,1
530330291011003,1
530330291012004,1
530330291023015,1
530330292031064,3
530330292041003,3
530330292041007,1
530330292042003,1
530330292043006,1
530330292043008,1
530330292051007,1
530330292051024,4
530330292061145,2
530330292061155,2
530330292062002,2
530330292063010,1
530330293031002,1
530330293031007,1
530330293033016,2
530330293033020,2
530330293034007,1
530330293035001,1
530330293035004,1
530330293041012,1
530330293042001,1
530330293042008,1
530330293043003,2
530330293043017,1
530330293054001,1
530330293072000,1
530330294052001,1
530330294054002,1
530330294061014,1
530330294062000,2
530330294062027,2
530330294062031,1
530330294071002,1
530330294072009,1
530330294073013,2
530330294081008,1
530330294082005,1
530330294083005,1
530330294083006,2
530330295021003,2
530330295021004,1
530330295021024,2
530330295022012,1
530330295023001,1
530330295023004,1
530330295035000,1
530330295035004,1
530330295042003,2
530330296012008,2
530330296014000,2
530330296021015,1
530330296023015,1
530330298015001,2
530330298022005,1
530330298022015,2
530330298023009,6
530330298024004,1
530330298024005,2
530330298024010,1
530330298025007,1
530330298026013,1
530330298026018,1
530330299012000,1
530330299013011,1
530330299022002,1
530330299022006,2
530330299023007,1
530330299023014,1
530330299023018,1
530330300031002,1
530330300033000,1
530330300041004,1
530330300041007,1
530330300045003,3
530330300052006,1
530330300052011,1
530330300053016,1
530330300062003,4
530330300062008,1
530330301001009,1
530330301002012,1
530330301003002,2
530330301005001,2
530330301005007,1
530330301007008,1
530330302013000,1
530330302013007,2
530330302013010,1
530330302014008,1
530330302014012,1
530330302022018,1
530330302024015,1
530330302025004,2
530330303041034,1
530330303051017,1
530330303081008,2
530330303082003,1
530330303082008,2
530330303082012,1
530330303083000,1
530330303084005,1
530330303091012,1
530330303092000,2
530330303093001,1
530330303093003,1
530330303094004,3
530330303101001,1
530330303102005,1
530330303111000,1
530330303111001,1
530330303131012,1
530330303132007,1
530330303132024,1
530330303141011,1
530330303141018,1
530330303142006,1
530330304012018,1
530330304012037,1
530330304032012,2
530330304033001,2
530330304033005,1
530330304033009,1
530330304041003,1
530330304041016,2
530330304043016,1
530330304043020,1
530330305031004,2
530330305031019,1
530330305041000,1
530330305043003,1
530330306002019,1
530330306002021,1
530330306003001,1
530330306003017,1
530330306004001,1
530330306004008,1
530330307002024,1
530330308011029,1
530330308012005,1
530330308013000,1
530330308013009,5
530330308023004,1
530330309021001,1
530330309021020,2
530330309023005,1
530330310002007,1
530330311002025,2
530330311004006,1
530330312022005,1
530330312023002,2
530330312023011,1
530330312025000,2
530330312042000,1
530330312045011,2
530330312051008,1
530330312052002,2
530330312052013,1
530330312052019,1
530330312062005,1
530330313011043,1
530330313021002,1
530330313024002,1
530330314002030,2
530330315011020,1
530330315012012,2
530330315013046,2
530330315023025,1
530330316011001,1
530330316013004,2
530330316034007,1
530330316034011,2
530330316041014,2
530330316043001,2
530330316051001,2
530330317031000,1
530330317031002,2
530330317031013,1
530330317041025,2
530330317041026,1
530330317041028,1
530330317042006,2
530330317042007,1
530330317043000,1
530330317043007,1
530330317043014,1
530330317043017,1
530330317052018,1
530330317053017,1
530330317062005,1
530330317062010,1
530330317064000,1
530330318001008,1
530330318001024,1
530330319031004,2
530330319031029,1
530330319031034,2
530330319032014,1
530330319032017,1
530330319034014,2
530330319034018,2
530330319035002,1
530330319042005,2
530330319061052,1
530330319062021,1
530330319071001,1
530330319071002,1
530330319071003,2
530330319071009,1
530330319072006,1
530330319073000,1
530330319074010,1
530330319074014,2
530330319074025,1
530330319074035,1
530330319091001,2
530330319092005,1
530330320021004,2
530330320021008,2
530330320021030,3
530330320031050,2
530330320031051,1
530330320031053,1
530330320033000,1
530330320033005,1
530330320033007,1
530330320034092,1
530330320052000,2
530330320054000,1
530330320062025,2
530330320062040,1
530330320063001,2
530330320071007,1
530330320071014,1
530330320072015,2
530330320073012,2
530330320082008,1
530330320083000,1
530330320083006,2
530330320083021,1
530330320103000,2
530330320103003,2
530330320111012,1
530330320112007,2
530330320112009,1
530330320112010,1
530330321021014,1
530330321023005,1
530330321023028,1
530330321024021,1
530330321032007,2
530330321032008,1
530330321032035,1
530330321033002,2
530330321034008,2
530330321034013,2
530330321041012,2
530330321041014,1
530330321041015,1
530330321041032,4
530330321041038,2
530330321042007,1
530330321042011,1
530330321042013,1
530330321043013,1
530330321043026,1
530330321043027,1
530330322031002,4
530330322031009,3
530330322031017,1
530330322032000,1
530330322032004,1
530330322032005,1
530330322032008,2
530330322033026,1
530330322034005,2
530330322071002,2
530330322073000,1
530330322081001,1
530330322082011,2
530330322083053,1
530330322084000,3
530330322084003,2
530330322085004,1
530330322085009,1
530330322085011,1
530330322085020,3
530330322101007,1
530330322101021,1
530330322102008,2
530330322102024,1
530330322102030,2
530330322102032,1
530330322102034,3
530330322102041,1
530330322102057,2
530330322102063,3
530330322102078,2
530330322103003,1
530330322103011,1
530330322103018,3
530330322103024,2
530330322103033,1
530330322103060,1
530330322103071,1
530330322103092,1
530330322111001,2
530330322111005,2
530330322111008,1
530330322111016,1
530330322112003,2
530330322112006,2
530330322112011,2
530330322113001,1
530330322113008,1
530330322121000,2
530330322121002,1
530330322121017,1
530330322123002,1
530330322123007,2
530330322124000,1
530330322124004,1
530330322124006,2
530330322131007,2
530330322131013,1
530330322132004,1
530330322133003,2
530330322133010,1
530330322133013,2
530330322141003,2
530330322141005,1
530330322142007,1
530330322142009,2
530330322142014,1
530330322142029,2
530330322143000,1
530330322143008,4
530330322152001,1
530330322152012,1
530330322152029,1
530330323071012,2
530330323072002,1
530330323074009,1
530330323091021,2
530330323091033,5
530330323091038,1
530330323092002,1
530330323092013,2
530330323092020,1
530330323092032,1
530330323092042,2
530330323093018,8
530330323112001,1
530330323112003,1
530330323113007,2
530330323114000,1
530330323114007,1
530330323114017,2
530330323114032,2
530330323115009,2
530330323131000,1
530330323131013,1
530330323132037,4
530330323133013,1
530330323134015,2
530330323134017,1
530330323134019,1
530330323134024,3
530330323151009,2
530330323151020,3
530330323151029,1
530330323152009,1
530330323152023,1
530330323152031,1
530330323162015,1
530330323162018,2
530330323163002,3
530330323163023,1
530330323164008,1
530330323164010,2
530330323171003,1
530330323172006,1
530330323172008,1
530330323172010,1
530330323172013,1
530330323173008,2
530330323174001,1
530330323175008,2
530330323181002,1
530330323181011,1
530330323181013,1
530330323181014,2
530330323182003,1
530330323183003,2
530330323184002,1
530330323184009,1
530330323184013,1
530330323191009,1
530330323192000,1
530330323192003,1
530330323192010,2
530330323193000,3
530330323201002,1
530330323201003,1
530330323201005,2
530330323201009,2
530330323201020,1
530330323203004,1
530330323203014,2
530330323211006,1
530330323211010,2
530330323211014,2
530330323212001,1
530330323212008,1
530330323213044,1
530330323213045,1
530330323213056,2
530330323214011,3
530330323214014,2
530330323221004,2
530330323223001,1
530330323223006,1
530330323223012,1
530330323231007,2
530330323231013,1
530330323232004,1
530330323232005,2
530330323233000,1
530330323233011,2
530330323233013,1
530330323234000,1
530330323234003,2
530330323241007,1
530330323241009,1
530330323243000,1
530330323243002,1
530330323244011,1
530330323244019,3
530330323251002,1
530330323251006,1
530330323252002,1
530330323252005,1
530330323252006,1
530330323252015,2
530330323252016,2
530330323253000,1
530330323253002,2
530330323253006,2
530330323261006,1
530330323261009,1
530330323261017,1
530330323261024,2
530330323271042,1
530330323271060,1
530330323281005,1
530330323281008,2
530330323281010,1
530330323281012,1
530330323282008,1
530330323282012,1
530330323283002,2
530330323283003,1
530330323283005,1
530330323291000,2
530330323291004,1
530330323291007,1
530330323291009,1
530330323291020,1
530330323292006,4
530330323292009,7
530330323292028,1
530330324011007,1
530330324011027,1
530330324012016,1
530330324012033,1
530330324012034,1
530330324022001,1
530330324022013,1
530330324023002,1
530330324023003,3
530330324024006,1
530330325002069,1
530330325002101,1
530330325003011,1
530330325003062,1
530330326011021,1
530330326011036,1
530330326021014,1
530330326021054,1
530330326022015,1
530330326023000,3
530330326023007,3
530330326023057,3
530330326023063,2
530330326024004,3
530330326024043,2
530330326024044,1
530330327021025,1
530330327023021,1
530330327024014,1
530330327025001,2
530330327026001,1
530330327032013,1
530330327032050,1
530330327042031,1
530330327043027,1
530330327044023,1
530330327044048,1
530330328001141,1
530330328002107,1
530350801012009,2
530350801021000,1
530350801021003,1
530350801022004,1
530350801023021,1
530350803002010,2
530350804001007,1
530350804002016,1
530350804003001,1
530350805001029,2
530350806001009,1
530350806003009,1
530350806004006,1
530350807002002,1
530350808001004,1
530350809001018,1
530350809002005,1
530350812001027,1
530350901013018,2
530350901021010,1
530350901022033,1
530350902011013,1
530350902012003,1
530350902013019,1
530350902021021,1
530350902021036,1
530350902022013,1
530350902022016,1
530350902023015,1
530350903001015,1
530350904001014,2
530350904001041,1
530350905011029,1
530350905012002,1
530350905013015,2
530350905022004,1
530350905022013,1
530350905022017,1
530350905023000,2
530350907001005,1
530350907001013,1
530350907001019,1
530350907001030,3
530350907002013,1
530350907002031,2
530350907002034,3
530350907002036,2
530350907003005,1
530350907003009,2
530350908001000,1
530350908001004,1
530350908003000,1
530350908003011,1
530350908003018,2
530350909001016,1
530350909002000,3
530350909002009,1
530350909002017,1
530350909002023,1
530350909003017,2
530350909004021,3
530350910001006,2
530350910002005,1
530350910002007,2
530350910004005,2
530350910004006,1
530350910004008,1
530350910004022,1
530350912011010,2
530350912011011,1
530350912011017,1
530350912011034,1
530350912031001,1
530350912031003,1
530350912041005,2
530350912042003,1
530350913011018,1
530350914001008,2
530350914001022,1
530350915001005,1
530350915001006,1
530350915002008,1
530350916003000,1
530350917002000,1
530350917004020,1
530350918001000,1
530350920003003,1
530350922001024,2
530350922004003,2
530350923002009,1
530350923002014,2
530350923003011,2
530350924003009,2
530350924004011,1
530350925004004,1
530350926002026,1
530350926003005,1
530350927013010,1
530350927013011,2
530350927042011,1
530350928011013,1
530350928021001,1
530350928023010,1
530350929022005,1
530350929023012,1
530359400001016,2
530359401001028,1
530359401003003,1
530359401003015,1
530359401004044,1
530359401004059,1
530379752001061,1
530379755002012,1
530379756001026,1
530379756002077,2
530419704004028,1
530419706001003,1
530419707002027,2
530419712002031,2
530419713002036,1
530419720001016,1
530459602001062,1
530459604001010,1
530459604004047,2
530459605004014,1
530459606001008,2
530459607001001,1
530459610002024,1
530459610003001,1
530459611002001,1
530459611005011,1
530459612002036,1
530499502005003,2
530499901000013,1
530519703003095,2
530530603001054,1
530530604005017,2
530530606001018,1
530530607003012,1
530530607004003,1
530530607005012,3
530530608003012,1
530530609031010,1
530530609042004,1
530530609053002,1
530530609054005,1
530530609061018,1
530530610013005,1
530530610013020,1
530530610013025,2
530530610022005,1
530530611005003,1
530530612001012,2
530530612002012,1
530530613001011,1
530530613001016,2
530530613001017,2
530530614003002,1
530530615002006,1
530530615004005,1
530530615004006,1
530530615004020,1
530530616011065,1
530530617002011,2
530530618003012,2
530530619002021,1
530530620001017,1
530530620003004,2
530530620003018,1
530530620004005,1
530530623002013,1
530530623003003,1
530530624005002,1
530530624005003,1
530530625004012,2
530530625004013,2
530530625005003,2
530530625005009,1
530530626001044,1
530530628012005,1
530530628013009,1
530530628014006,1
530530628022000,1
530530629004003,1
530530629004005,1
530530629005011,1
530530629006001,2
530530629006012,1
530530631001011,1
530530631003012,1
530530632002018,2
530530632003008,1
530530633005015,1
530530634002002,1
530530634003001,2
530530634003006,1
530530635014009,1
530530635022013,4
530530635023000,2
530530701003018,1
530530701003021,3
530530701003076,2
530530702032002,1
530530702032021,1
530530702041010,2
530530702052002,2
530530702062031,1
530530702072005,1
530530702073014,1
530530703081017,1
530530703092005,2
530530703093002,1
530530703093019,1
530530703101003,2
530530703102005,2
530530703112012,1
530530703121007,1
530530703121015,1
530530703122004,1
530530703131001,1
530530703132035,1
530530703134000,2
530530703135006,2
530530703141015,1
530530703142013,2
530530703153008,1
530530703154002,1
530530703162017,2
530530704031036,2
530530704032019,1
530530704033024,1
530530704041010,2
530530707031031,1
530530707033001,1
530530711001006,1
530530712051023,1
530530712052009,1
530530712061016,1
530530712064031,1
530530712071000,2
530530712073001,1
530530712083001,1
530530712091012,2
530530712092001,1
530530712093007,1
530530713041004,1
530530713042003,1
530530713042026,1
530530713061000,1
530530713062000,2
530530713101016,2
530530713102000,1
530530713102011,2
530530714064007,2
530530714074000,2
530530714091002,1
530530714093010,1
530530714112002,1
530530715031029,1
530530715032006,1
530530715043010,2
530530715052000,1
530530715053005,2
530530716023008,1
530530717041001,2
530530717041002,1
530530717052002,1
530530718033000,1
530530718053001,1
530530718061023,1
530530718061024,1
530530718081009,1
530530719024001,1
530530720003002,1
530530720003005,1
530530721054011,2
530530721061011,2
530530721063001,1
530530721071013,1
530530721072004,1
530530721083009,1
530530721085002,1
530530721121007,1
530530721122010,2
530530723052013,2
530530723071002,1
530530723072004,2
530530723082000,2
530530723084004,1
530530723111006,2
530530723111008,1
530530723121005,2
530530724061009,1
530530724061014,3
530530724062005,2
530530724063000,5
530530724072010,2
530530724073014,2
530530724082005,1
530530724083002,2
530530724084007,1
530530724091001,1
530530724091003,1
530530724092023,1
530530725031009,1
530530725031015,1
530530725042008,2
530530725052007,1
530530725053019,1
530530725053027,2
530530725054002,1
530530725054008,1
530530726021004,1
530530726022015,1
530530726035001,1
530530728002004,1
530530729051043,1
530530729051112,1
530530730053006,2
530530730062025,1
530530731081003,1
530530731082001,1
530530731082010,1
530530731111004,1
530530731112001,3
530530731131005,1
530530731141015,1
530530731142007,1
530530731143022,1
530530731152002,5
530530731153007,2
530530731161010,2
530530731181025,2
530530731182014,3
530530731192074,1
530530731201001,1
530530731201005,1
530530731211001,3
530530731241002,2
530530731242007,1
530530731251000,1
530530731252000,1
530530731252002,1
530530731261001,1
530530733011010,1
530530733013032,1
530530733014011,1
530530733022024,2
530530733023012,1
530530734043018,2
530530734045006,1
530530734045016,1
530530734052004,2
530530734061013,1
530530734062017,2
530530734071008,2
530530734082010,1
530530735001011,1
530530735001019,2
530539400021009,1
530539400022025,1
530539400032001,1
530539400032004,1
530539400033001,1
530539400046005,1
530539400053007,1
530539400072031,1
530539400081006,3
530539400082000,1
530539400082012,2
530539400101017,1
530539400113011,1
530539400113020,1
530559601001020,1
530559601004004,1
530559601004038,1
530559603003029,1
530579402002003,1
530579403003013,1
530579403003015,2
530579403003039,1
530579404001005,1
530579508001022,2
530579509001027,1
530579509001028,2
530579510002018,1
530579511002046,1
530579511002060,1
530579511002088,1
530579512001139,1
530579513001048,2
530579514003013,1
530579515001014,1
530579515002021,2
530579515003037,1
530579518001051,1
530579519001005,2
530579522001019,1
530579522002001,1
530579522003004,1
530579523021007,2
530579523021040,2
530579523021065,1
530579524012019,2
530579524021000,2
530579524023026,2
530579524023040,2
530579524023041,1
530579525001001,1
530579525002027,1
530579526004002,1
530579527002050,1
530610402001001,1
530610402001004,2
530610402001012,1
530610403002032,1
530610404003014,1
530610404003021,1
530610405001024,1
530610405001037,1
530610407001018,2
530610407002006,2
530610407002010,1
530610408001005,2
530610412012009,1
530610412012012,2
530610412024000,1
530610412024004,1
530610413041012,2
530610413042001,1
530610414001004,2
530610414001015,1
530610414003005,1
530610414003013,1
530610414004018,1
530610416012024,1
530610416013002,1
530610416051005,2
530610416052008,1
530610416053000,2
530610416061002,1
530610416062013,1
530610416063005,1
530610416071003,4
530610416071010,2
530610416071011,1
530610416071016,1
530610416081002,2
530610416083004,1
530610416085011,1
530610417031006,1
530610417032000,1
530610417032008,1
530610417033006,3
530610417034004,4
530610417042007,1
530610417043014,1
530610418051009,2
530610418051013,2
530610418052001,1
530610418053004,1
530610418053005,1
530610418053007,1
530610418053016,1
530610418061005,2
530610418061008,1
530610418062002,2
530610418064004,1
530610418066001,3
530610418083002,2
530610418091000,1
530610418092000,2
530610418111013,1
530610418112003,1
530610418113001,2
530610418122000,2
530610418122001,1
530610418122003,2
530610419011019,1
530610419032004,2
530610419032005,3
530610419033006,1
530610419033009,1
530610419034001,2
530610419041002,1
530610419043002,1
530610420012000,4
530610420012004,2
530610420013021,1
530610420031002,1
530610420032000,4
530610420032015,2
530610420041000,1
530610420041005,1
530610420041007,1
530610420042000,2
530610420042007,1
530610420043004,5
530610420043006,1
530610420051005,1
530610420051006,1
530610420051008,1
530610420051017,2
530610420051018,1
530610420052005,1
530610420052006,1
530610420052018,2
530610420061017,1
530610420062009,2
530610420063000,1
530610420063001,3
530610501011000,2
530610501021005,1
530610501021007,2
530610501022003,1
530610501022006,2
530610501023002,1
530610502003000,2
530610502003009,2
530610502003018,1
530610502004002,2
530610502004007,1
530610503001007,1
530610503004000,2
530610503004009,2
530610503004011,1
530610504011005,1
530610504013000,1
530610504013004,2
530610504013006,2
530610504014001,3
530610504014003,1
530610504014010,1
530610504014019,1
530610504014021,2
530610504014024,2
530610504015000,3
530610504015003,2
530610504016003,2
530610504021004,2
530610504022005,1
530610504022010,2
530610504023000,2
530610504023002,1
530610504024000,2
530610504024004,1
530610504024008,1
530610505001005,1
530610505002000,2
530610505002004,1
530610505002013,2
530610505003019,1
530610505004013,1
530610505004014,2
530610505004020,1
530610505005023,1
530610507001005,1
530610507003006,1
530610507004000,4
530610508001009,1
530610508001010,1
530610508001013,1
530610508001015,1
530610508002003,3
530610508002008,2
530610508002010,1
530610508003003,1
530610508003008,1
530610508004009,1
530610508004013,1
530610509002006,2
530610509003002,2
530610509003005,2
530610510001005,1
530610510001024,1
530610510002000,2
530610510002001,4
530610511001009,1
530610511001016,2
530610511002010,2
530610511002023,1
530610511003001,2
530610511003008,1
530610511003009,2
530610512001001,1
530610512004000,1
530610512004001,1
530610512004012,1
530610513001000,3
530610513001001,1
530610513001005,3
530610513002004,1
530610513002006,1
530610513002014,1
530610513003003,2
530610513003007,5
530610513004010,1
530610513004014,1
530610513006000,1
530610513006008,1
530610514001014,3
530610514002008,2
530610514003004,2
530610514004003,1
530610514005000,1
530610514005002,1
530610514005005,2
530610515001001,1
530610515001013,2
530610515002001,3
530610515003000,3
530610515003011,1
530610516011004,1
530610516011008,1
530610516012003,2
530610516012006,1
530610516013003,1
530610516014000,1
530610516014006,1
530610516021000,1
530610516021008,1
530610516022000,2
530610516022002,1
530610516022005,1
530610516023014,1
530610517011008,2
530610517011013,1
530610517012007,1
530610517012008,1
530610517013000,2
530610517013004,1
530610517013005,2
530610517014002,2
530610517014003,3
530610517021000,1
530610517021002,1
530610517022000,2
530610517023000,1
530610518021001,2
530610518021010,2
530610518022009,1
530610518022011,1
530610518022013,4
530610518023001,1
530610518023003,1
530610518023004,2
530610518031002,4
530610518032001,2
530610518032009,1
530610518033000,1
530610518041002,1
530610518041004,2
530610518041008,5
530610518041014,1
530610518042002,1
530610519051014,1
530610519051017,1
530610519052001,1
530610519052002,2
530610519053000,1
530610519056004,1
530610519056006,1
530610519057000,1
530610519121032,2
530610519122000,1
530610519122006,1
530610519131000,4
530610519131002,1
530610519132002,1
530610519133009,1
530610519134000,1
530610519134001,2
530610519141003,1
530610519142000,2
530610519142014,2
530610519143000,1
530610519143008,2
530610519144002,1
530610519144009,2
530610519154004,2
530610519154007,1
530610519161004,2
530610519162001,1
530610519163003,1
530610519163006,1
530610519163008,2
530610519163011,2
530610519172002,1
530610519182001,1
530610519182003,1
530610519182004,2
530610519184002,2
530610519184009,1
530610519184020,1
530610519211001,1
530610519211007,1
530610519211010,1
530610519212000,2
530610519213001,2
530610519213008,1
530610519221008,2
530610519221011,1
530610519221013,2
530610519222002,2
530610519222006,1
530610519223001,1
530610519232000,2
530610519233000,1
530610519233003,1
530610519233010,1
530610519233011,3
530610519241002,1
530610519241012,1
530610519242000,2
530610519242008,1
530610519243001,2
530610519243004,1
530610519243005,1
530610519243015,1
530610519251000,3
530610519252001,1
530610519253003,2
530610519253004,1
530610519253007,2
530610519254008,2
530610519254024,2
530610519261002,1
530610519261009,1
530610519263003,1
530610519263007,1
530610519263010,1
530610519271002,2
530610519271009,2
530610519271011,1
530610519272011,2
530610519272015,1
530610519273000,2
530610519281006,2
530610519281009,1
530610519282000,2
530610519283000,4
530610520031004,1
530610520032002,1
530610520032010,4
530610520032016,3
530610520032026,1
530610520033000,3
530610520033003,1
530610520034000,1
530610520034004,1
530610520034020,1
530610520041005,1
530610520041010,1
530610520041015,1
530610520043005,1
530610520044004,1
530610520052007,2
530610520053006,2
530610520054000,1
530610520061000,2
530610520061008,1
530610520061011,1
530610520062015,1
530610520062018,1
530610520063004,1
530610520072009,1
530610521071003,1
530610521072005,2
530610521072018,1
530610521081008,1
530610521081012,2
530610521082005,1
530610521082015,1
530610521083012,2
530610521083014,1
530610521083015,2
530610521083016,1
530610521083028,1
530610521121006,2
530610521122011,5
530610521132024,2
530610521141021,1
530610521142010,1
530610521143000,1
530610521143006,1
530610521151001,2
530610521151007,1
530610521152005,2
530610521153008,1
530610521156000,1
530610521181011,1
530610521181015,1
530610521183010,1
530610521183017,1
530610522031001,1
530610522031022,1
530610522031032,1
530610522033010,1
530610522041019,1
530610522042000,1
530610522042008,1
530610522061011,2
530610522071043,1
530610522072006,1
530610522073011,1
530610522083005,1
530610522091004,1
530610523014002,1
530610523014008,1
530610523021011,1
530610523023004,2
530610524011020,1
530610524012001,1
530610524013002,2
530610524014019,2
530610524014029,1
530610524021014,1
530610524021022,1
530610525021000,1
530610525023005,1
530610525023022,1
530610525031008,1
530610525032002,1
530610525032011,1
530610525034001,1
530610525042004,1
530610525042006,1
530610525042013,1
530610526032003,2
530610526042000,1
530610526042011,2
530610526043002,1
530610526051005,2
530610526052009,2
530610526054004,2
530610526062000,1
530610526072026,2
530610526072027,1
530610527011012,1
530610527051001,2
530610527051004,1
530610527051014,1
530610527052000,1
530610527061002,1
530610527061011,1
530610527061046,2
530610527062006,2
530610527062018,1
530610527071002,1
530610527071006,1
530610527082000,1
530610527082006,1
530610527084005,1
530610527092018,1
530610528041000,1
530610528042007,2
530610528044005,1
530610528044007,1
530610528052010,1
530610528061002,2
530610528062003,2
530610528062004,2
530610528065000,1
530610528065001,2
530610528065009,1
530610529031000,1
530610529041000,1
530610529044001,2
530610529062005,1
530610529063000,2
530610531012023,1
530610532011016,1
530610532021029,1
530610532022016,1
530610532023029,1
530610533012011,1
530610533014045,1
530610534001021,2
530610534001023,1
530610534001038,2
530610534002002,1
530610534004008,2
530610534004015,1
530610534004020,2
530610535044006,1
530610535044009,2
530610535045002,1
530610535061062,1
530610535071003,1
530610535071012,1
530610535072015,2
530610535081013,1
530610535082031,1
530610535082041,1
530610535092008,2
530610536021017,1
530610536021022,2
530610536022009,2
530610536024029,1
530610536032003,1
530610536033000,1
530610536033017,1
530610536041016,1
530610537002038,1
530610538012001,1
530610538012007,1
530610538023019,1
530610538033030,1
530610538034005,2
530619400011031,2
530619400011038,1
530619400013037,1
530619400014035,2
530630009001007,2
530630010004004,1
530630014004043,1
530630015005004,1
530630015005030,1
530630023001023,1
530630029003027,1
530630040003010,1
530630043001001,1
530630044004005,1
530630044004007,1
530630045001000,1
530630102011008,1
530630102023035,2
530630105011001,1
530630105012007,1
530630106021002,1
530630107001014,2
530630107001025,1
530630107001031,1
530630111012004,1
530630116001060,1
530630117012011,2
530630118001006,1
530630119002004,2
530630124013030,1
530630124021005,1
530630125002015,1
530630128013010,1
530630130003031,1
530630132021033,1
530630132021039,1
530630132021042,2
530630132022016,1
530630134011036,1
530630136001011,1
530630136001031,1
530630136002019,1
530630137001118,1
530630140013015,1
530630141002017,1
530630143001016,1
530659501004130,1
530659511002046,1
530659514001073,1
530670101004008,1
530670103001011,1
530670103002011,1
530670103002044,2
530670103003054,1
530670105101020,1
530670105202007,1
530670106003003,1
530670106003009,1
530670106004013,1
530670109102002,2
530670109201022,2
530670110003002,2
530670111002005,1
530670111002019,1
530670111002027,1
530670112003012,1
530670114102006,2
530670115001007,2
530670115003006,1
530670115004002,2
530670116212007,2
530670116213007,2
530670116231028,1
530670116232003,2
530670116232036,1
530670116242006,1
530670116242027,1
530670116242037,2
530670117101011,2
530670117102013,2
530670117103010,1
530670117104026,1
530670118213012,1
530670118223024,2
530670119001034,1
530670119003024,1
530670120001036,1
530670121004000,2
530670122122004,1
530670122123008,1
530670122124002,2
530670122124008,1
530670122211015,1
530670122212008,1
530670124111064,2
530670124113005,1
530670124121036,2
530670124202030,1
530670125301015,1
530670126102005,2
530670126102015,1
530670127202019,1
530670127303004,1
530699501003034,1
530719200001011,1
530719206005001,1
530719207024000,1
530730007002005,1
530730007003002,1
530730008031014,1
530730008042033,1
530730008051023,1
530730008051028,1
530730009013001,1
530730010001003,2
530730010003005,1
530730011003058,1
530730101005031,1
530730103012001,2
530730103013033,1
530730103032000,1
530730104011003,2
530730105021030,1
530730105023004,1
530730106001036,1
530730107013044,1
530730110001014,2
530750001001010,1
530750001001025,1
530750001003011,1
530750002002007,2
530750005001018,1
530750007003029,1
530750009002082,1
530770003001002,2
530770007003047,2
530770009012012,1
530770028021006,1
530770031001012,1
